{"cameraMode":{"drawMode":0,"name":"Shaded","section":"Shading Mode"},"sceneLighting":true,"audioPlay":false,"sceneViewState":{"m_AlwaysRefresh":false,"showFog":true,"showSkybox":true,"showFlares":true,"showImageEffects":true,"showParticleSystems":true,"showVisualEffectGraphs":true,"m_FxEnabled":true},"in2DMode":false,"pivot":{"x":-0.7124379873275757,"y":1.0194424390792847,"z":0.8241972327232361},"rotation":{"x":-0.08570344001054764,"y":-0.006278182379901409,"z":0.0005422873655334115,"w":-0.9963126182556152},"size":4.648047924041748,"orthographic":false}